{
  "original": {
    "accuracy": 0.8,
    "time": 19.79908800125122
  },
  "v1": {
    "accuracy": 0.6,
    "time": 16.5392062664032
  },
  "v2": {
    "accuracy": 0.7,
    "time": 12.640458583831787
  }
}